date,year,open,high,low,ets_price,volume,sp500_close,carbon_index,coal_price,stoxx50,close_ma5,volume_ma5,close_ma5_ratio,close_ma10,volume_ma10,close_ma10_ratio,close_ma20,volume_ma20,close_ma20_ratio,close_ma60,volume_ma60,close_ma60_ratio,volume_ma60_ratio,close_ma120,volume_ma120,close_ma120_ratio,volume_ma120_ratio,high_close_ratio,low_close_ratio
2020-01-02,2020,24.58,24.58,24.17,24.28,310,3257.85,-0.054794521,52.1,3782,25.266,222.6,-0.039024776,25.85,215.2,-0.06073501,25.368,7854.95,-0.042888679,24.981,13896.6,-0.028061327,-0.977692385,25.73158333,8210.925,-0.056412515,-0.962245423,0.012355848,-0.004530478
2020-01-03,2020,24.53,24.79,24.44,24.9,149,3234.85,0,52.75,3754,25.052,252.4,-0.00606738,25.693,204.6,-0.030864438,25.376,6689.75,-0.018757881,25.0185,13481.85,-0.004736495,-0.988948104,25.70216667,8210.291667,-0.03121008,-0.981852045,-0.004417671,-0.018473896
2020-01-06,2020,24.97,24.97,24.4,24.15,107,3246.28,-0.057692308,52.65,3739,24.564,239.8,-0.016853933,25.434,202.1,-0.050483605,25.349,5665.15,-0.047299696,25.03333333,13138.8,-0.035286285,-0.991856182,25.67225,8210.616667,-0.059295543,-0.986968092,0.033954451,0.010351967
2020-01-07,2020,23.95,24.4,23.81,24.47,139,3237.18,0.02739726,52.55,3750,24.464,203.8,0.000245258,25.225,168.3,-0.029930624,25.3255,4708.75,-0.033780182,25.03383333,12682.75,-0.022522852,-0.989040232,25.63575,8211.408333,-0.045473606,-0.983072331,-0.002860646,-0.026971802
2020-01-08,2020,24.52,24.52,23.94,23.97,482,3253.05,0,52.5,3761,24.354,237.4,-0.01576743,24.979,200.9,-0.040393931,25.2675,3722.9,-0.051350549,25.03083333,12440.43333,-0.042381063,-0.961255369,25.59416667,8215.341667,-0.06345847,-0.941329281,0.022945348,-0.001251564
2020-01-09,2020,23.83,24.7,23.83,24.58,831,3274.7,0.050847458,52.7,3782,24.414,341.6,0.006799377,24.84,282.1,-0.010466989,25.2495,2845.9,-0.026515377,25.012,12028.68333,-0.01727171,-0.930915132,25.55083333,8222.208333,-0.037996151,-0.898932262,0.004882018,-0.030512612
2020-01-10,2020,24.85,24.85,24.01,24.12,200,3265.35,-0.066666667,52.9,3780,24.258,351.8,-0.005688845,24.655,302.1,-0.021699452,25.2315,2021.9,-0.044052078,24.97566667,11623.93333,-0.034260013,-0.98279412,25.50883333,8223.875,-0.054445192,-0.975680564,0.03026534,-0.004560531
2020-01-13,2020,24.09,24.35,23.85,24.06,80,3288.13,0.027777778,53.5,3764,24.24,346.4,-0.007425743,24.402,293.1,-0.014015245,25.181,1029.7,-0.044517692,24.94233333,11233.01667,-0.035374932,-0.992878138,25.46775,8224.541667,-0.05527579,-0.990273014,0.0120532,-0.00872818
2020-01-14,2020,23.85,23.85,23.56,23.77,260,3283.15,0.007352941,52.2,3762,24.1,370.6,-0.013692946,24.282,287.2,-0.021085578,25.1685,351.2,-0.055565489,24.90716667,11021.1,-0.045656203,-0.976408888,25.43033333,8226.708333,-0.065289484,-0.968395622,0.003365587,-0.008834666
2020-01-15,2020,23.69,24.49,23.69,24.43,458,3289.29,0.017391304,51.8,3756,24.192,365.8,0.009837963,24.273,301.6,0.006468092,25.145,287.15,-0.028435077,24.88216667,10839.01667,-0.018172319,-0.957745244,25.39733333,8230.525,-0.038087988,-0.944353489,0.002455997,-0.030290626
2020-01-16,2020,24.64,25.01,24.45,24.77,626,3316.81,0.014084507,51,3762,24.23,324.8,0.022286422,24.322,333.2,0.018419538,25.086,274.2,-0.012596667,24.86733333,10638.33333,-0.003914104,-0.941156196,25.3715,8235.741667,-0.023707704,-0.923989845,0.00968914,-0.012918853
2020-01-17,2020,24.94,25.54,24.94,25.36,192,3329.62,0.032258065,50.5,3795,24.478,323.2,0.036032356,24.368,337.5,0.040709127,25.0305,271.05,0.01316394,24.8775,10308.16667,0.019395036,-0.981373991,25.34991667,8237.341667,0.000397766,-0.976691509,0.007097792,-0.016561514
2020-01-20,2020,25.3,25.78,24.99,25.11,411,2750.706582,-0.038461538,49.75,3790,24.688,389.4,0.017093325,24.464,367.9,0.026406148,24.949,285,0.006453164,24.872,10053.9,0.009568993,-0.959120341,25.314,8240.766667,-0.008058782,-0.950126,0.026682597,-0.004778973
2020-01-21,2020,25.19,25.41,24.86,24.85,303,3320.79,-0.059405941,50.6,3778,24.904,398,-0.002168326,24.502,384.3,0.014202922,24.8635,276.3,-0.000542965,24.87,9807.266667,-0.000804182,-0.969104542,25.2775,8243.291667,-0.016912274,-0.963242839,0.022535211,0.000402414
2020-01-22,2020,25.25,25.37,24.93,24.94,70,3321.75,0.033898305,50.25,3759,25.006,320.4,-0.002639367,24.599,343.1,0.013862352,24.789,272,0.006091412,24.867,9603.75,0.002935617,-0.992711181,25.24641667,8243.875,-0.012137036,-0.991508847,0.017241379,-0.000400962
2020-01-23,2020,24.89,24.89,24.35,24.63,296,3325.54,-0.032786885,50.4,3727,24.978,254.4,-0.01393226,24.604,289.6,0.001056739,24.722,285.85,-0.003721382,24.85333333,9367.433333,-0.008986052,-0.968401163,25.21516667,8246.341667,-0.023206932,-0.964105295,0.010556232,-0.01136825
2020-01-24,2020,24.63,24.63,24.23,24.3,261,3295.47,0,50.25,3767,24.766,268.2,-0.018816119,24.622,295.7,-0.013077735,24.6385,298.9,-0.013738661,24.825,9118.016667,-0.021148036,-0.971375354,25.18225,8248.516667,-0.035034598,-0.968357947,0.013580247,-0.002880658
2020-01-27,2020,24.06,24.2,24,24.52,48,3243.63,-0.03030303,50.35,3671,24.648,195.6,-0.005193119,24.668,292.5,-0.005999676,24.535,292.8,-0.000611372,24.80683333,8870.416667,-0.011562674,-0.994588755,25.149,8247.25,-0.025010935,-0.994179878,-0.013050571,-0.021207178
2020-01-28,2020,24.44,24.53,24.31,24.58,113,3276.24,0.01010101,50.35,3709,24.594,157.6,-0.000569245,24.749,277.8,-0.006828559,24.5155,282.5,0.002630989,24.795,8646.25,-0.008671103,-0.98693075,25.11966667,8247.15,-0.021483831,-0.986298297,-0.002034174,-0.01098454
2020-01-29,2020,24.51,24.51,23.95,23.92,175,3273.4,-0.088235294,50.15,3730,24.39,178.6,-0.019270193,24.698,249.5,-0.031500526,24.4855,275.55,-0.023095301,24.7665,8422.816667,-0.034179234,-0.979223102,25.09666667,8248.608333,-0.046885377,-0.9787843,0.024665552,0.001254181
2020-01-30,2020,23.77,23.83,23.45,23.67,348,3283.66,-0.053333333,50.45,3679,24.198,189,-0.021819985,24.588,221.7,-0.037335286,24.455,277.45,-0.032099775,24.73583333,8227.133333,-0.043088637,-0.957700941,25.06825,8251.333333,-0.055777727,-0.957824998,0.006759611,-0.009294466
2020-01-31,2020,23.68,23.93,23.44,23.82,312,3225.52,0,50.35,3639,24.102,199.2,-0.011700274,24.434,233.7,-0.025128919,24.401,285.6,-0.0238105,24.71966667,7928.35,-0.036394773,-0.96064755,25.04266667,8253.933333,-0.048823341,-0.96219984,0.004617968,-0.015952981
2020-02-03,2020,23.7,23.7,22.94,23.15,326,3248.92,-0.012048193,47.7,3654,23.828,254.8,-0.02845392,24.238,225.2,-0.044888192,24.351,296.55,-0.049320356,24.68983333,7713.016667,-0.062367101,-0.957733788,25.01916667,8256.65,-0.074709389,-0.960516674,0.023758099,-0.009071274
2020-02-04,2020,23.33,23.33,23.16,23.3,37,3297.59,0.020408163,48.9,3722,23.572,239.6,-0.011539114,24.083,198.6,-0.032512561,24.2925,291.45,-0.040856231,24.66416667,7482.5,-0.05530966,-0.995055129,24.99708333,8256.958333,-0.067891254,-0.995518931,0.001287554,-0.006008584
2020-02-05,2020,23.16,23.78,23.16,23.71,100,3334.69,-0.011560694,49.45,3770,23.53,224.6,0.007649809,23.96,201.6,-0.010434057,24.2795,272.35,-0.023456002,24.64383333,7295.383333,-0.037893185,-0.986292701,24.97341667,8257.075,-0.050590461,-0.987889174,0.002952341,-0.023196963
2020-02-06,2020,23.67,23.67,23.23,23.5,267,3345.78,-0.018018018,48.9,3799,23.496,208.4,0.000170242,23.847,198.7,-0.014551097,24.2255,244.15,-0.029947782,24.6335,6879.233333,-0.046014574,-0.961187535,24.95058333,8259.125,-0.058138253,-0.96767212,0.007234043,-0.011489362
2020-02-07,2020,23.45,23.51,23.24,23.26,132,3327.71,-0.03960396,48.2,3793,23.384,172.4,-0.005302771,23.743,185.8,-0.020342838,24.1825,240.75,-0.038147421,24.61466667,6597.416667,-0.055034939,-0.979992169,24.92766667,8260.225,-0.066900231,-0.984019806,0.010748065,-0.000859845
2020-02-10,2020,22.98,23.05,22.96,23.11,77,3352.09,-0.041666667,47.5,3789,23.376,122.6,-0.011379192,23.602,188.7,-0.020845691,24.135,240.6,-0.042469443,24.6005,6262.866667,-0.060588199,-0.987705311,24.9065,8260.4,-0.072129765,-0.990678418,-0.002596279,-0.006490697
2020-02-11,2020,23.17,23.51,23.17,23.25,270,3357.75,0.12,48,3825,23.366,169.2,-0.004964478,23.469,204.4,-0.009331459,24.109,241.1,-0.035629848,24.5905,5972.383333,-0.054512922,-0.954791917,24.89125,8262.65,-0.065936825,-0.967322832,0.011182796,-0.00344086
2020-02-12,2020,23.14,23.88,23.14,23.83,321,3379.45,-0.029411765,48.75,3847,23.39,213.4,0.018811458,23.46,219,0.015771526,24.079,234.25,-0.010340961,24.59783333,5732.683333,-0.031215486,-0.94400528,24.87466667,8265.325,-0.041997213,-0.961163052,0.002098196,-0.028955099
2020-02-13,2020,23.69,24.28,23.53,24.35,232,3373.94,0.026315789,49.9,3836,23.56,206.4,0.033531409,23.528,207.4,0.034937096,24.058,214.55,0.012137335,24.613,5378.066667,-0.01068541,-0.956861821,24.86591667,8267.258333,-0.020747945,-0.971937492,-0.002874743,-0.033675565
2020-02-14,2020,24.44,24.57,24.12,24.24,116,3380.16,0.025,50.3,3837,23.756,203.2,0.0203738,23.57,187.8,0.028425965,24.002,210.75,0.00991584,24.6165,5089.333333,-0.015294619,-0.977207231,24.85125,8268.225,-0.024596348,-0.985970387,0.013613861,-0.004950495
2020-02-17,2020,24.33,24.93,24.24,25,87,2750.706582,0.114285714,50.55,3849,24.134,205.2,0.035882987,23.755,163.9,0.052410019,23.9965,194.55,0.041818599,24.63416667,4882.25,0.014850648,-0.982180347,24.83916667,8268.95,0.006474989,-0.989478713,-0.0028,-0.0304
2020-02-18,2020,25.06,25.22,24.74,25.09,121,3370.29,-0.03030303,49.7,3829,24.502,175.4,0.023998041,23.934,172.3,0.04829949,24.0085,185.45,0.045046546,24.64266667,4644.983333,0.018152797,-0.973950391,24.829,8269.958333,0.010511901,-0.985368729,0.005181347,-0.013949781
2020-02-19,2020,25.23,25.73,25,25.66,80,3386.15,-0.020689655,49.3,3859,24.868,127.2,0.031848158,24.129,170.3,0.06345062,24.0445,185.95,0.067187922,24.663,4426.116667,0.040424928,-0.981925465,24.833,8270.625,0.03330246,-0.990327212,0.002727981,-0.025720966
2020-02-20,2020,25.5,25.66,25.5,25.59,68,3373.23,-0.03125,48.4,3835,25.116,94.4,0.018872432,24.338,150.4,0.051442189,24.0925,174.55,0.062156273,24.68316667,4178.316667,0.036738938,-0.983725503,24.83608333,8271.191667,0.030355699,-0.991778694,0.002735444,-0.003516999
2020-02-21,2020,25.54,25.54,25.16,25.56,211,3337.75,-0.031746032,48.3,3794,25.38,113.4,0.007092199,24.568,158.3,0.040377727,24.1555,172.05,0.058144108,24.69066667,3890.2,0.035208986,-0.945761143,24.83641667,8267.558333,0.029133967,-0.974478559,-0.000782473,-0.015649452
2020-02-24,2020,25.23,25.24,24.48,24.53,154,3225.89,-0.03,48,3645,25.286,126.8,-0.029897967,24.71,166,-0.0072845,24.156,177.35,0.015482696,24.68266667,3683.8,-0.006185177,-0.958195342,24.82808333,8268.841667,-0.012005894,-0.981375868,0.02894415,-0.00203832
2020-02-25,2020,24.54,24.54,24.54,24.14,126,3128.21,-0.033898305,48.15,3571,25.096,127.8,-0.03809372,24.799,151.6,-0.026573652,24.134,178,0.000248612,24.66466667,3488.583333,-0.021271995,-0.963882187,24.82025,8269.891667,-0.027407057,-0.984764008,0.016570008,0.016570008
2020-02-26,2020,23.75,24.34,23.75,24.22,385,3116.39,0.010526316,48,3574,24.808,188.8,-0.023702032,24.838,158,-0.02488123,24.149,188.5,0.00294008,24.66283333,3125.316667,-0.017955493,-0.876812483,24.81366667,8272.266667,-0.023924988,-0.953458947,0.004954583,-0.01940545
2020-02-27,2020,23.82,23.82,23.55,23.56,41,2978.76,-0.053030303,47.9,3457,24.402,183.4,-0.034505368,24.759,138.9,-0.048426835,24.1435,173.15,-0.024167996,24.6555,2768.516667,-0.044432277,-0.985190626,24.78733333,8272.608333,-0.049514537,-0.995043885,0.011035654,-0.000424448
2020-02-28,2020,23.28,23.52,23.21,23.57,633,2954.22,-0.066666667,47.8,3314,24.004,267.8,-0.01808032,24.692,190.6,-0.045439819,24.131,189.2,-0.023248104,24.636,2388.183333,-0.043270011,-0.734944972,24.76483333,8277.883333,-0.048247178,-0.923531176,-0.002121341,-0.015273653
2020-03-02,2020,23.58,24.04,23.58,23.49,114,3090.23,-0.108108108,46.85,3339,23.796,259.8,-0.012859304,24.541,193.3,-0.042826291,24.148,178.6,-0.027248633,24.616,2046.766667,-0.045742606,-0.944302396,24.74033333,8278.833333,-0.050538257,-0.986229944,0.023414219,0.003831418
2020-03-03,2020,23.27,23.62,23.27,23.33,112,3003.37,-0.030769231,46.95,3354,23.634,257,-0.012862825,24.365,192.4,-0.042478966,24.1495,182.35,-0.03393445,24.58916667,1727.516667,-0.051208188,-0.935167051,24.715,8278.416667,-0.056038843,-0.986470843,0.012430347,-0.002571796
2020-03-04,2020,23.29,23.82,23.24,23.8,733,3130.12,0,47.3,3411,23.55,326.6,0.010615711,24.179,257.7,-0.015674759,24.154,214,-0.014655958,24.567,1403.083333,-0.031220743,-0.477579141,24.68816667,8283.866667,-0.0359754,-0.911514752,0.000840336,-0.023529412
2020-03-05,2020,24.08,24.08,23.59,23.77,67,3023.94,0.005181347,47.8,3367,23.592,331.8,0.00754493,23.997,257.6,-0.009459516,24.1675,204,-0.016447709,24.5475,1098.016667,-0.031673286,-0.93898089,24.66791667,8282.383333,-0.036400182,-0.991910541,0.013041649,-0.00757257
2020-03-06,2020,23.5,23.57,23.42,23.39,425,2972.37,-0.028846154,47.4,3233,23.556,290.2,-0.007047037,23.78,279,-0.016400336,24.174,218.65,-0.032431538,24.52933333,827.1,-0.04644779,-0.48615645,24.65083333,8282.416667,-0.051147696,-0.948686474,0.007695596,0.001282599
2020-03-09,2020,22.8,23.2,22.51,23.25,138,2746.56,-0.014184397,46.4,2975,23.508,295,-0.010974987,23.652,277.4,-0.016996449,24.181,221.7,-0.038501303,24.499,497.3333333,-0.050981673,-0.722520107,24.62841667,8280.233333,-0.055968546,-0.983333803,-0.002150538,-0.031827957
2020-03-10,2020,23.43,23.82,23.39,24.07,89,2882.23,0,46.4,2914,23.656,290.4,0.017500845,23.645,273.7,0.017974202,24.222,212.65,-0.006275287,24.49983333,268.3166667,-0.017544337,-0.668302379,24.60808333,8279.391667,-0.021866121,-0.989250418,-0.010386373,-0.028250935
2020-03-11,2020,24.08,24.08,23.54,23.89,450,2741.38,-0.028037383,46.5,2894,23.674,233.8,0.009123933,23.612,280.2,0.011773674,24.225,219.1,-0.013828689,24.483,246.8333333,-0.024220888,0.823092505,24.59233333,8283.141667,-0.028559036,-0.945672787,0.007953118,-0.014650481
2020-03-12,2020,23.68,23.68,22.56,22.49,316,2480.64,-0.073170732,45.8,2567,23.418,283.6,-0.039627637,23.505,307.7,-0.043182302,24.132,223.3,-0.068042433,24.42533333,237.35,-0.079234674,0.331367179,24.56708333,8285.775,-0.084547413,-0.961862348,0.052912406,0.003112494
2020-03-13,2020,22.81,22.87,21.72,21.89,480,2711.02,-0.036144578,46.55,2551,23.118,294.6,-0.053118782,23.337,292.4,-0.062004542,24.0145,241.5,-0.088467384,24.349,241.1,-0.100989774,0.990875156,24.53958333,8289.775,-0.107971814,-0.942097343,0.044769301,-0.007766103
2020-03-16,2020,21.46,21.46,19.47,19.41,1418,2386.13,-0.063291139,46.5,2419,22.35,550.6,-0.131543624,22.929,422.8,-0.153473767,23.735,308.05,-0.18222035,24.22683333,262.5333333,-0.198822243,4.401218893,24.48783333,8301.425,-0.207361479,-0.829185953,0.105615662,0.00309119
2020-03-17,2020,19.84,19.95,17.97,18.25,1270,2529.19,-0.031914894,47.1,2518,21.186,786.8,-0.138582083,22.421,538.6,-0.186030953,23.393,365.5,-0.219852093,24.08833333,275.75,-0.242371826,3.605621034,24.42916667,8312.008333,-0.25294218,-0.847209008,0.093150685,-0.015342466
2020-03-18,2020,17.74,17.74,15.01,15.24,2174,2398.1,-0.036697248,47.8,2389,19.456,1131.6,-0.216694079,21.565,682.7,-0.293299328,22.872,470.2,-0.333683106,23.90183333,309.3833333,-0.362392006,6.026881431,24.35016667,8186.358333,-0.374131594,-0.734436252,0.164041995,-0.015091864
2020-03-19,2020,16.1,16.52,15.29,16.31,4229,2409.39,-0.04964539,46.9,2454,18.22,1914.2,-0.104829857,20.819,1098.9,-0.216581008,22.408,678.25,-0.272134952,23.74083333,379.55,-0.312997999,10.14214201,24.27741667,8047.858333,-0.328182227,-0.474518583,0.012875536,-0.06253832
2020-03-20,2020,16.82,16.82,16,16.04,1166,2304.92,-0.020547945,47.5,2585,17.05,2051.4,-0.059237537,20.084,1173,-0.201354312,21.932,726,-0.26864855,23.57533333,398.9833333,-0.31962786,1.922427837,24.2095,7910.508333,-0.337450175,-0.852601129,0.048628429,-0.002493766
2020-03-23,2020,15.33,15.33,14.43,15.45,562,2237.4,-0.018518519,47.4,2402,16.258,1880.2,-0.04969861,19.304,1215.4,-0.199647741,21.478,746.4,-0.280659279,23.38966667,405.5166667,-0.339451895,0.385886318,24.14458333,7655.266667,-0.360104923,-0.926586489,-0.00776699,-0.066019417
2020-03-24,2020,15.95,16.98,15.74,16.7,161,2447.33,0.033112583,47.65,2636,15.948,1658.4,0.047153248,18.567,1222.6,-0.100554748,21.106,748.15,-0.208755804,23.25183333,402.8833333,-0.281777064,-0.60038059,24.09258333,7494.9,-0.306840625,-0.978518726,0.016766467,-0.05748503
2020-03-25,2020,16.96,17.46,16,17.41,356,2475.56,0,48.25,2724,16.382,1294.8,0.062751801,17.919,1213.2,-0.028405603,20.7655,746.7,-0.161590137,23.13333333,403.5833333,-0.24740634,-0.117902127,24.04258333,7352.433333,-0.275868164,-0.951580656,0.002871913,-0.080987938
2020-03-26,2020,17.15,17.46,16.36,17.22,666,2630.07,-0.051401869,47.95,2772,16.564,582.2,0.03960396,17.392,1248.2,-0.009889604,20.4485,777.95,-0.157884441,23.01566667,409.5166667,-0.251813982,0.626307436,23.99833333,7153.058333,-0.28245017,-0.906892972,0.013937282,-0.049941928
2020-03-27,2020,16.8,16.8,16.15,16.26,330,2541.47,-0.070422535,48.1,2654,16.608,415,-0.020953757,16.829,1233.2,-0.033810684,20.083,762.8,-0.190360006,22.87166667,412.5333333,-0.289076732,-0.200064641,23.94508333,6947.191667,-0.320946193,-0.952498791,0.033210332,-0.006765068
2020-03-30,2020,16.94,16.94,16.94,16.94,0,2626.65,0,50.75,2714,16.906,302.6,0.00201112,16.582,1091.4,0.021589676,19.7555,757.1,-0.142517274,22.7515,410.75,-0.255433708,-1,23.89241667,6774.775,-0.290988424,-1,0,0
2020-03-31,2020,17.56,17.56,17.56,17.56,0,2584.59,0.005813953,49.3,2747,17.078,270.4,0.028223445,16.513,964.4,0.06340459,19.467,751.5,-0.097960651,22.63633333,408.4333333,-0.22425599,-1,23.83508333,6545.591667,-0.263270879,-1,0,0
2020-04-01,2020,16.96,16.96,16.96,16.96,0,2470.5,-0.062068966,48.1,2631,16.988,199.2,-0.001648222,16.685,747,0.01648187,19.125,714.85,-0.113202614,22.5195,400.4,-0.246874931,-1,23.77516667,6420.416667,-0.286650637,-1,0,0
2020-04-02,2020,17.45,17.45,17.45,17.95,8,2526.9,0.044117647,47.45,2645,17.134,67.6,0.047624606,16.849,324.9,0.065345124,18.834,711.9,-0.046936392,22.409,386.6833333,-0.198982552,-0.979311237,23.7105,6207.683333,-0.242951435,-0.998711274,-0.027855153,-0.027855153
2020-04-03,2020,17.86,17.86,17.86,17.86,0,2488.65,-0.017094017,46.1,2633,17.454,1.6,0.023261144,17.031,208.3,0.048675944,18.5575,690.65,-0.037585882,22.30466667,383.35,-0.199270706,-1,23.64016667,6003.641667,-0.244506172,-1,0,0
2020-04-06,2020,20.3,20.3,20.3,20.3,0,2663.68,-0.014388489,46.3,2769,18.126,1.6,0.11993821,17.516,152.1,0.158940397,18.41,683.75,0.102661597,22.242,382.0166667,-0.087312292,-1,23.59216667,5807.516667,-0.139544905,-1,0,0
2020-04-07,2020,20.6,20.6,20.6,20.41,4,2659.41,-0.01242236,47.05,2823,18.696,2.4,0.091677364,17.887,136.4,0.141052161,18.227,679.5,0.119767378,22.186,377.75,-0.080050482,-0.989410986,23.54658333,5699.425,-0.133207578,-0.999298175,0.009309162,0.009309162
2020-04-08,2020,21.04,21.04,21.04,21.04,0,2749.98,-0.006666667,46.6,2810,19.512,2.4,0.078310783,18.25,100.8,0.152876712,18.0845,657,0.163427244,22.1295,370.1166667,-0.049232924,-1,23.50583333,5604.566667,-0.104903038,-1,0,0
2020-04-09,2020,20.98,20.98,20.98,20.98,0,2789.82,-0.041666667,46.8,2855,20.118,0.8,0.042847202,18.626,34.2,0.126382476,18.009,641.2,0.164973069,22.06633333,359.6833333,-0.049230351,-1,23.46683333,5499.008333,-0.105972259,-1,0,0
2020-04-13,2020,20.98,20.98,20.98,20.98,0,2761.63,0,46.7,3325.868694,20.742,0.8,0.011474303,19.098,1.2,0.09854435,17.9635,617.2,0.167923846,21.99333333,356.4833333,-0.046074568,-1,23.43541667,5332.325,-0.104773758,-1,0,0
2020-04-14,2020,20.49,20.52,20.49,19.73,21,2846.06,0.009803922,45.75,2885,20.628,5,-0.043533062,19.377,3.3,0.018217474,17.9795,547.35,0.097360883,21.90366667,349.9833333,-0.099237571,-0.939997143,23.38783333,5201.941667,-0.156398982,-0.995963046,0.040040547,0.03852002
2020-04-15,2020,19.17,19.17,19.17,19.17,0,2783.36,-0.034285714,45.3,2769,20.38,4.2,-0.059371933,19.538,3.3,-0.018835091,18.0255,483.85,0.063493384,21.809,344.9333333,-0.12100509,-1,23.3395,5076.1,-0.178645644,-1,0,0
2020-04-16,2020,20.85,20.85,20.85,20.85,0,2799.55,0.007194245,45.5,2786,20.342,4.2,0.024972962,19.927,3.3,0.046319065,18.306,375.15,0.138970829,21.74083333,343.7666667,-0.040975124,-1,23.30391667,4973.758333,-0.105300611,-1,0,0
2020-04-17,2020,21.61,21.61,21.61,21.61,0,2874.56,0,45.4,2843,20.468,4.2,0.055794411,20.293,2.5,0.064899226,18.571,163.7,0.163642238,21.6905,338.8333333,-0.003711302,-1,23.27191667,4853.133333,-0.071412969,-1,0,0
2020-04-20,2020,21.29,21.29,21.29,21.29,0,2823.16,-0.043478261,45.55,2867,20.53,4.2,0.037018997,20.636,2.5,0.031692188,18.8335,105.4,0.130432474,21.64033333,334.4833333,-0.016188907,-1,23.23266667,4726.25,-0.083617894,-1,0,0
2020-04-21,2020,19.77,19.77,19.77,19.77,0,2736.56,-0.063492063,45.45,2756,20.538,0,-0.037394099,20.583,2.5,-0.039498615,19.0495,77.3,0.037822515,21.56116667,333.6833333,-0.083073736,-1,23.184,4602.05,-0.147256729,-1,0,0
2020-04-22,2020,19.72,19.72,19.59,20.57,6,2799.31,0.026548673,45.15,2800,20.818,1.2,-0.011912768,20.599,2.7,-0.001407835,19.243,69.55,0.068960141,21.49433333,331.9,-0.043003582,-0.981922266,23.14466667,4489.075,-0.111242331,-0.998663422,-0.041322314,-0.047642197
2020-04-23,2020,20.94,20.94,20.94,20.94,0,2797.8,0.066666667,44.9,2824,20.836,1.2,0.004991361,20.589,2.7,0.017047938,19.4195,51.75,0.078297587,21.44466667,328.9833333,-0.023533435,-1,23.10558333,4375.9,-0.093725543,-1,0,0
2020-04-24,2020,20.66,20.66,20.66,20.66,0,2836.74,-0.05511811,45.05,2773,20.646,1.2,0.000678097,20.557,2.7,0.005010459,19.5915,18.45,0.054538958,21.3945,323.1833333,-0.034331253,-1,23.06516667,4275.158333,-0.104277012,-1,0,0
2020-04-27,2020,20.21,20.21,20.21,20.21,0,2878.48,-0.040540541,39.1,2842,20.43,1.2,-0.010768478,20.48,2.7,-0.013183594,19.789,1.95,0.021274445,21.33433333,317.9833333,-0.052700655,-1,23.027,4123.166667,-0.122334651,-1,0,0
2020-04-28,2020,20.14,20.14,20.14,20.14,0,2863.39,-0.027667984,38.45,2893,20.504,1.2,-0.017752634,20.521,0.6,-0.018566347,19.949,1.95,0.009574415,21.28416667,312.55,-0.053756705,-1,22.987,4012.783333,-0.123852612,-1,0,0
2020-04-29,2020,20.12,20.12,20.12,20.12,0,2939.51,-0.030769231,39,2966,20.414,0,-0.014401881,20.616,0.6,-0.024058983,20.077,1.95,0.002141754,21.23116667,311.9333333,-0.052336581,-1,22.94766667,3897.216667,-0.123222405,-1,0,0
2020-04-30,2020,19.5,19.5,19.5,19.5,0,2912.43,-0.04,39.85,2887,20.126,0,-0.031104045,20.481,0.6,-0.047898052,20.204,1.95,-0.034844585,21.161,310.2666667,-0.078493455,-1,22.90241667,3802.825,-0.148561469,-1,0,0
2020-05-01,2020,18.9,18.9,18.9,18.9,0,2830.71,-0.025974026,39.5,3325.868694,19.774,0,-0.044199454,20.21,0.6,-0.064819396,20.2515,1.55,-0.066735797,21.08433333,305.8166667,-0.103599829,-1,22.85891667,3592.525,-0.173189164,-1,0,0
2020-05-04,2020,19.28,19.28,19.28,19.28,0,2842.74,0.027272727,39,2786,19.588,0,-0.015723913,20.009,0.6,-0.036433605,20.3225,1.55,-0.051297823,21.018,303.6166667,-0.082691027,-1,22.81633333,3450.516667,-0.154991307,-1,0,0
2020-05-05,2020,19.02,19.02,19.02,19.02,0,2868.44,-0.015151515,39.6,2852,19.364,0,-0.017764925,19.934,0.6,-0.045851309,20.2585,1.55,-0.061134832,20.94983333,302.3333333,-0.092116882,-1,22.77516667,3282.6,-0.164879876,-1,0,0
2020-05-06,2020,18.99,18.99,18.99,18.93,12,2848.42,-0.022292994,40,2820,19.126,2.4,-0.01024783,19.77,1.2,-0.042488619,20.1845,1.95,-0.062151651,20.87783333,298.0333333,-0.093296718,-0.959736047,22.73416667,3135.208333,-0.167332576,-0.996172503,0.003169572,0.003169572
2020-05-07,2020,19.47,19.47,19.47,19.47,0,2881.19,0,40.2,2861,19.12,2.4,0.018305439,19.623,1.2,-0.007796973,20.106,1.95,-0.031632349,20.80516667,292.6833333,-0.064174764,-1,22.7015,3012.683333,-0.142347422,-1,0,0
2020-05-08,2020,19.28,19.28,19.28,19.28,0,2929.8,-0.009661836,40,2891,19.196,2.4,0.004375912,19.485,1.2,-0.010520914,20.021,1.95,-0.037011138,20.72066667,288.8166667,-0.069528007,-1,22.66683333,2833.441667,-0.149418019,-1,0,0
2020-05-11,2020,18.99,18.99,18.99,18.99,0,2930.32,-0.017094017,39.9,2867,19.138,2.4,-0.007733305,19.363,1.2,-0.019263544,19.9215,1.95,-0.046758527,20.63316667,286.8833333,-0.079637154,-1,22.62483333,2688.108333,-0.1606568,-1,0,0
2020-05-12,2020,18.89,18.89,18.74,18.45,27,2870.12,-0.042016807,39.7,2872,19.024,7.8,-0.030172414,19.194,3.9,-0.038762113,19.8575,2.25,-0.07088002,20.524,285.8833333,-0.101052426,-0.905555879,22.57908333,2584.066667,-0.182872053,-0.989551353,0.023848238,0.015718157
2020-05-13,2020,18.34,18.57,18.34,18.59,59,2820,0.005586592,39.35,2791,18.956,17.2,-0.019307871,19.041,9.8,-0.023685731,19.8285,5.2,-0.0624606,20.41566667,284.85,-0.089424788,-0.792873442,22.52916667,2464.916667,-0.17484742,-0.9760641,-0.001075847,-0.01344809
2020-05-14,2020,18.76,18.76,18.76,18.76,0,2852.5,0,39.1,2736,18.814,17.2,-0.002870203,18.967,9.8,-0.010913692,19.724,5.2,-0.048874468,20.30066667,283.5166667,-0.075892417,-1,22.48183333,2354.816667,-0.16554848,-1,0,0
2020-05-15,2020,19.09,19.09,19.09,19.09,0,2863.7,0.005181347,38.75,2753,18.776,17.2,0.016723477,18.986,9.8,0.00547772,19.598,5.2,-0.025921012,20.19233333,282.3833333,-0.054591677,-1,22.43775,2230.35,-0.14920168,-1,0,0
2020-05-18,2020,19.37,19.4,19.37,20.28,2,2953.91,0.01980198,38.85,2904,19.034,17.6,0.065461805,19.086,10,0.062558944,19.5475,5.3,0.037472823,20.10433333,278.9,0.008737751,-0.992828971,22.3975,2084.55,-0.094541802,-0.99904056,-0.043392505,-0.044871795
2020-05-19,2020,20.21,20.28,20.18,19.9,6,2922.94,0.04,38.85,2895,19.324,13.4,0.029807493,19.174,10.6,0.037863774,19.554,5.6,0.017694589,20.02716667,276.4333333,-0.006349708,-0.978294948,22.35491667,1980.116667,-0.109815514,-0.996969876,0.019095477,0.014070352
2020-05-20,2020,19.89,19.89,19.89,21.19,2,2971.61,0.042857143,38.8,2935,19.844,2,0.067829067,19.4,9.6,0.092268041,19.585,5.4,0.081950472,19.978,274.3666667,0.060666733,-0.992710485,22.32133333,1881.475,-0.05068395,-0.998937004,-0.061349693,-0.061349693
2020-05-21,2020,21.12,21.12,21.12,21.12,0,2948.51,0,38.75,2892,20.316,2,0.039574719,19.565,9.6,0.079478661,19.594,5.4,0.077880984,19.92633333,267.95,0.05990398,-1,22.29458333,1696.633333,-0.052684695,-1,0,0
2020-05-22,2020,21.33,21.33,21.33,21.33,0,2955.45,0.04040404,38.65,2897,20.764,2,0.027258717,19.77,9.6,0.078907436,19.6275,5.4,0.086740543,19.88916667,267.2666667,0.072443122,-1,22.27233333,1517.891667,-0.042309592,-1,0,0
2020-05-25,2020,21.4,21.46,21.37,21.54,20,2750.706582,0,38.75,2957,21.016,5.6,0.024933384,20.025,11.6,0.075655431,19.694,6.4,0.093734132,19.85533333,257.05,0.08484706,-0.922194126,22.24566667,1322.616667,-0.031721534,-0.984878461,-0.00371402,-0.007892293
2020-05-26,2020,21.52,22.09,21.39,21.53,138,2991.77,0.025974026,38.6,2994,21.342,32,0.008808921,20.333,22.7,0.058869818,19.7635,13.3,0.089381941,19.82266667,257.45,0.086130356,-0.463973587,22.21933333,1152.108333,-0.031024033,-0.880219597,0.026010218,-0.006502555
2020-05-27,2020,21.43,21.43,21.3,21.26,66,3036.13,0,38.7,3038,21.356,44.8,-0.004495224,20.6,23.4,0.032038835,19.8205,16.6,0.072626826,19.78816667,256.6833333,0.074379469,-0.742873839,22.18866667,992.1,-0.041853198,-0.933474448,0.007996237,0.001881468
2020-05-28,2020,21.29,21.29,21.09,21.19,15,3029.73,0.028368794,38.8,3092,21.37,47.8,-0.008423023,20.843,24.9,0.016648275,19.905,17.35,0.064556644,19.74466667,244.7166667,0.073201202,-0.938704624,22.15583333,823.9,-0.043592733,-0.981793907,0.004719207,-0.004719207
2020-05-29,2020,21.63,21.63,21.43,21.33,49,3044.31,-0.021276596,38.5,3046,21.37,57.6,-0.001871783,21.067,29.8,0.01248398,20.0265,19.8,0.065088757,19.704,244.4166667,0.082521315,-0.799522673,22.12575,671.2166667,-0.035964883,-0.926998237,0.014064698,0.004688233
2020-06-01,2020,20.9,20.9,20.9,20.9,0,3055.73,-0.028985507,44.85,3097,21.242,53.6,-0.016100179,21.129,29.6,-0.010838184,20.1075,19.8,0.039413154,19.6625,237.3333333,0.062937063,-1,22.09591667,532.2166667,-0.054123877,-1,0,0
2020-06-02,2020,21.26,21.66,21.22,22,100,3080.82,0.029126214,46.75,3145,21.336,46,0.03112111,21.339,39,0.030976147,20.2565,24.8,0.086071138,19.64166667,236.7,0.120067883,-0.577524292,22.07033333,367.0166667,-0.003186782,-0.72753281,-0.015454545,-0.035454545
2020-06-03,2020,21.95,21.97,21.95,22.01,29,3122.87,0.019047619,46.6,3261,21.486,38.6,0.024387974,21.421,41.7,0.027496382,20.4105,25.65,0.078366527,19.60733333,235.7,0.122539186,-0.87696224,22.05358333,252.0083333,-0.001976247,-0.88492444,-0.001817356,-0.002726034
2020-06-04,2020,21.93,22.11,21.93,22.14,49,3112.35,0,45.7,3253,21.676,45.4,0.021406163,21.523,46.6,0.028667007,20.544,28.1,0.077686916,19.57816667,229.0166667,0.130851544,-0.786041773,22.03058333,237.925,0.004966581,-0.794052748,-0.001355014,-0.009485095
2020-06-05,2020,22.1,22.37,22.1,23.17,34,3193.93,0.047619048,46.2,3381,22.044,42.4,0.051079659,21.707,50,0.067397614,20.7385,29.8,0.117245702,19.5895,224.3166667,0.182776487,-0.848428561,22.00741667,230.8333333,0.052826888,-0.852707581,-0.034527406,-0.046180406
2020-06-08,2020,22.85,22.86,22.85,22.65,4,3232.39,0.007518797,45.95,3366,22.394,43.2,0.011431633,21.818,48.4,0.038133651,20.9215,30,0.082618359,19.60216667,216.3833333,0.155484513,-0.981514288,21.97558333,228.7416667,0.030689364,-0.982513024,0.009271523,0.008830022
2020-06-09,2020,22.52,22.52,22.27,22.42,58,3207.18,0.008547009,45.6,3319,22.478,34.8,-0.002580301,21.907,40.4,0.023417173,21.12,31.55,0.06155303,19.65233333,193.7166667,0.140831453,-0.700593651,21.93958333,228.125,0.021897256,-0.745753425,0.004460303,-0.006690455
2020-06-10,2020,22.28,22.34,22.2,22.85,56,3190.14,0.008849558,44.95,3298,22.646,40.2,0.009008213,22.066,39.4,0.035529774,21.333,31.4,0.071110486,19.729,173.4833333,0.158193522,-0.677202421,21.90866667,224.6166667,0.042966254,-0.750686355,-0.022319475,-0.028446389
2020-06-11,2020,22.52,22.52,22.09,22.21,19,3002.1,-0.025974026,44.35,3152,22.66,34.2,-0.019858782,22.168,39.8,0.001894623,21.5055,32.35,0.032759062,19.84516667,137.5666667,0.119164196,-0.861885147,21.8735,223.475,0.015383912,-0.914979304,0.013957677,-0.005402972
2020-06-12,2020,21.91,21.91,21.91,21.93,5,3041.31,0,44.5,3139,22.412,28.4,-0.021506336,22.228,35.4,-0.013406514,21.6475,32.6,0.013050006,19.93883333,67.16666667,0.09986375,-0.925558313,21.83983333,223.3583333,0.004128542,-0.977614446,-0.000911993,-0.000911993
2020-06-15,2020,21.74,21.84,21.74,22.1,22,3066.59,0.032,45,3135,22.302,32,-0.009057484,22.348,37.6,-0.01109719,21.7385,33.6,0.016629482,20.03983333,48.1,0.102803583,-0.542619543,21.80758333,223.5416667,0.013408944,-0.901584343,-0.011764706,-0.016289593
2020-06-16,2020,22.61,22.86,22.61,22.72,419,3124.74,0,44.8,3239,22.362,104.2,0.016009301,22.42,69.5,0.01338091,21.8795,54.25,0.038414955,20.161,45.71666667,0.126928228,8.165147649,21.77533333,225.6166667,0.04338242,0.857132304,0.006161972,-0.004841549
2020-06-17,2020,22.75,22.79,22.44,22.69,452,3113.49,-0.012903226,44.6,3263,22.33,183.4,0.016121809,22.488,111.8,0.008982568,21.9545,76.75,0.033501105,20.26083333,50.56666667,0.119894707,7.938694792,21.75633333,226.725,0.042914707,0.993604587,0.004407228,-0.01101807
2020-06-18,2020,23.94,23.94,23.94,24.4,159,3115.34,0.005025126,44.7,3247,22.768,211.4,0.07167955,22.714,122.8,0.074227349,22.1185,84.7,0.103148948,20.37733333,47.28333333,0.197408886,2.362707085,21.75533333,225.4333333,0.121564061,-0.294691705,-0.018852459,-0.018852459
2020-06-19,2020,24.46,24.48,23.99,24.09,191,3097.74,0.009803922,45,3290,23.2,248.6,0.038362069,22.806,138.5,0.056300973,22.2565,94.25,0.082380428,20.49183333,39.36666667,0.175590276,3.851820491,21.75375,224.4416667,0.107395277,-0.148999369,0.01618929,-0.0041511
2020-06-22,2020,24.28,24.32,24.24,24.46,2211,3117.86,0,45.6,3215,23.672,686.4,0.033288273,22.987,359.2,0.064079697,22.4025,203.8,0.091842428,20.6285,70.71666667,0.185738178,30.26561395,21.75008333,241.625,0.124593392,8.150543197,-0.00572363,-0.008994276
2020-06-23,2020,25.17,25.37,25.16,25.35,538,3131.29,0.026845638,44.85,3282,24.198,710.2,0.04760724,23.28,407.2,0.088917526,22.5935,223.8,0.122004116,20.76866667,79.68333333,0.220588707,5.75172558,21.76008333,245.2166667,0.164977156,1.193978115,0.000788955,-0.007495069
2020-06-24,2020,25.01,25.52,24.99,25.33,60,3050.33,0.014925373,45.25,3178,24.726,631.8,0.024427728,23.528,407.6,0.076589595,22.797,223.5,0.111111111,20.89816667,80.68333333,0.212068044,-0.256351993,21.76725,244.5583333,0.163674787,-0.754659761,0.007500987,-0.013422819
2020-06-25,2020,25.04,25.1,24.97,25.11,3,3083.76,0,45.25,3208,24.868,600.6,0.009731382,23.818,406,0.054244689,22.993,222.9,0.0920715,21.034,80.73333333,0.193781497,-0.962840628,21.77675,240.5666667,0.153064622,-0.987529444,-0.000398248,-0.005575468
2020-06-26,2020,24.66,24.66,24.66,24.66,0,3009.05,-0.045454545,45.45,3182,24.982,562.4,-0.01288928,24.091,405.5,0.023618779,23.1595,220.45,0.064789827,21.14583333,80.6,0.166187192,-1,21.77741667,233.6416667,0.132365715,-1,0,0
2020-06-29,2020,24.65,25.4,24.65,26.61,11,3053.24,0.04,50.05,3222,25.412,122.4,0.047143082,24.542,404.4,0.084263711,23.445,221,0.134996801,21.29166667,80.78333333,0.249784736,-0.863833299,21.79816667,232.0666667,0.220744864,-0.952599828,-0.045471627,-0.07365652
2020-06-30,2020,26.54,27.15,26.27,26.95,65,3100.29,0.078947368,49.85,3223,25.732,27.8,0.047334059,24.965,369,0.079511316,23.6925,219.25,0.137490767,21.4025,81.86666667,0.259198692,-0.206026059,21.82225,231.9416667,0.234978061,-0.719757123,0.00742115,-0.025231911
2020-07-01,2020,26.84,28.03,26.79,27.69,157,3115.86,-0.023809524,49.95,3205,26.204,47.2,0.056708899,25.465,339.5,0.087374828,23.9765,225.65,0.154880821,21.52383333,84.41666667,0.286480878,0.85982231,21.85491667,231.0833333,0.266991791,-0.320591417,0.012278801,-0.032502709
2020-07-02,2020,27.01,27.82,26.89,27.35,77,3130.01,0,51.05,3301,26.652,62,0.026189404,25.76,331.3,0.061723602,24.237,227.05,0.128439988,21.629,85.7,0.264505987,-0.101516919,21.87925,227.9083333,0.250042849,-0.662144868,0.017184644,-0.016819013
2020-07-03,2020,26.83,27.72,26.57,27.89,67,2750.706582,0.005263158,50.9,3271,27.298,75.4,0.02168657,26.14,318.9,0.066947207,24.473,228.7,0.139623258,21.74416667,86.81666667,0.282642854,-0.228258783,21.90525,223.25,0.27321076,-0.699888018,-0.006095375,-0.047328792
2020-07-06,2020,28.06,29.51,28.06,29.68,144,3179.72,0.013071895,51.2,3339,27.912,102,0.063341932,26.662,112.2,0.113194809,24.8245,235.7,0.195593063,21.88916667,89.21666667,0.355921879,0.614048197,21.94125,222.85,0.352703242,-0.353825443,-0.005727763,-0.05458221
2020-07-07,2020,29.41,29.83,29.32,29.36,42,3145.32,-0.003984064,50.65,3312,28.394,97.4,0.034021272,27.063,62.6,0.08487603,25.1715,234.9,0.166398506,22.04966667,89.56666667,0.331539403,-0.531075549,21.97666667,219.775,0.335962384,-0.808895461,0.016008174,-0.001362398
2020-07-08,2020,29.07,29.07,28.13,29.29,127,3169.94,0.028846154,49.5,3274,28.714,91.4,0.020059901,27.459,69.3,0.066681234,25.4935,238.45,0.148920313,22.21833333,91.68333333,0.318280699,0.38520269,22.01366667,218.3083333,0.330537091,-0.418253999,-0.007511096,-0.03960396
2020-07-09,2020,29.27,29.29,28.42,28.58,77,3152.05,-0.015957447,49.3,3250,28.96,91.4,-0.013121547,27.806,76.7,0.027835719,25.812,241.35,0.107236944,22.34716667,92.96666667,0.278909332,-0.171746146,22.044,218.3666667,0.296497913,-0.647382079,0.024842547,-0.005598321
2020-07-10,2020,28.26,28.38,27.82,28.98,420,3185.04,0.0125,48.7,3285,29.178,162,-0.006785935,28.238,118.7,0.026276648,26.1645,262.1,0.107607636,22.47,99.96666667,0.289719626,3.201400467,22.08025,219.4,0.312485139,0.914311759,-0.020703934,-0.040027605
2020-07-13,2020,29.58,30.6,29.57,29.31,50,3155.22,0.028571429,48.8,3343,29.104,143.2,0.007078065,28.508,122.6,0.028132454,26.525,263.5,0.104995287,22.60366667,100.8,0.296692277,-0.503968254,22.122,217.6416667,0.324925414,-0.770264579,0.044012282,0.008870693
2020-07-14,2020,29.24,29.47,29.24,29.6,25,3197.52,0.03539823,48.65,3304,29.152,139.8,0.015367728,28.773,118.6,0.028742224,26.869,243.8,0.101641297,22.7675,101.2166667,0.300098825,-0.753005105,22.16433333,217.45,0.335478923,-0.885031042,-0.004391892,-0.012162162
2020-07-15,2020,29.99,29.99,29.99,28.81,8,3226.56,0.007936508,49,3375,29.056,116,-0.00846641,28.885,103.7,-0.002596503,27.175,221.6,0.060165593,22.90483333,101.25,0.257813125,-0.920987654,22.19958333,216.575,0.297772105,-0.963061295,0.040958001,0.040958001
2020-07-16,2020,28.99,29.25,27.97,26.54,170,3215.57,-0.018181818,49,3358,28.648,134.6,-0.073582798,28.804,113,-0.078600194,27.282,222.15,-0.02719742,22.99816667,104.0833333,0.154005029,0.633306645,22.22141667,216.5333333,0.194343295,-0.214901478,0.102110023,0.053880934
2020-07-17,2020,26.79,27.34,26.79,27.75,63,3224.73,0.044117647,49.25,3359,28.402,63.2,-0.02295613,28.79,112.6,-0.036123654,27.465,215.75,0.010376843,23.11633333,105.1333333,0.200449898,-0.400760938,22.25541667,214.1583333,0.246887462,-0.705825129,-0.014774775,-0.034594595
2020-07-20,2020,27.5,27.5,26.23,26.1,125,3251.84,0.005347594,49.05,3384,27.76,78.2,-0.059798271,28.432,110.7,-0.082020259,27.547,111.45,-0.052528406,23.2145,107.2166667,0.124297314,0.165863516,22.27441667,212.6,0.171747857,-0.412041392,0.053639847,0.004980843
2020-07-21,2020,26.75,26.75,26.75,26.55,4,3257.3,0,49.6,3398,27.15,74,-0.022099448,28.151,106.9,-0.05687187,27.607,84.75,-0.038287391,23.32133333,107.2833333,0.138442628,-0.962715551,22.30275,209.9166667,0.190436157,-0.980944819,0.007532957,0.007532957
2020-07-22,2020,26.33,26.35,25.7,26.57,16,3276.02,-0.005494505,49.7,3362,26.702,75.6,-0.00494345,27.879,95.8,-0.046952904,27.669,82.55,-0.039719542,23.42883333,107.55,0.134072688,-0.851231985,22.33,209.7416667,0.189879086,-0.923715682,-0.008280015,-0.032743696
2020-07-23,2020,26.57,26.61,26.52,27.27,5,3235.66,0.026143791,49.6,3366,26.848,42.6,0.015718117,27.748,88.6,-0.017226467,27.777,82.65,-0.018252511,23.55833333,107.6333333,0.157552175,-0.953545989,22.35966667,208.95,0.219606732,-0.97607083,-0.02420242,-0.02750275
2020-07-24,2020,26.8,26.8,26.43,26.31,12,3215.63,-0.024793388,49.55,3302,26.56,32.4,-0.009412651,27.481,47.8,-0.042611259,27.8595,83.25,-0.055618371,23.68183333,107.8333333,0.110978176,-0.888717156,22.38308333,206.825,0.175441274,-0.941979935,0.018624097,0.004561003
2020-07-27,2020,26.29,26.29,25.39,24.95,20,3239.41,-0.078947368,49.5,3299,26.33,11.4,-0.052411698,27.045,44.8,-0.077463487,27.7765,83.7,-0.101758681,23.77633333,108.1666667,0.049362812,-0.815100154,22.39716667,205.8916667,0.113980191,-0.902861537,0.053707415,0.017635271
2020-07-28,2020,25.32,25.32,25.12,25.69,11,3218.44,-0.034482759,49.7,3301,26.158,12.8,-0.017891276,26.654,43.4,-0.036167179,27.7135,81,-0.073014957,23.8875,108.35,0.075457875,-0.898477157,22.41866667,205.3416667,0.145920067,-0.946430746,-0.014402491,-0.022187622
2020-07-29,2020,25.73,26.18,25.65,26.14,72,3258.44,0.010810811,49.7,3298,26.072,24,0.002608162,26.387,49.8,-0.00936067,27.636,76.75,-0.054132291,24.00766667,109.35,0.08881885,-0.341563786,22.44275,203.6916667,0.164741398,-0.646524567,0.001530222,-0.018745218
2020-07-30,2020,26.14,26.14,25.79,25.5,8,3246.22,-0.033333333,49.85,3192,25.718,24.6,-0.008476553,26.283,33.6,-0.02979112,27.5435,73.3,-0.074191733,24.10816667,109.4833333,0.057732857,-0.926929517,22.45666667,201.0833333,0.135520261,-0.960215499,0.025098039,0.011372549
2020-07-31,2020,25.79,25.79,25.75,26.23,5,3271.12,0,49.9,3183,25.702,23.2,0.020543148,26.131,27.8,0.003788604,27.4605,70.2,-0.044809818,24.224,109.5666667,0.082810436,-0.954365683,22.47233333,199.1916667,0.167213017,-0.974898548,-0.016774685,-0.018299657
2020-08-03,2020,26.11,26.4,26.11,26.07,13,3294.61,-0.019230769,51.7,3248,25.926,21.8,0.00555427,26.128,16.6,-0.002219841,27.28,63.65,-0.044354839,24.342,109.7833333,0.070988415,-0.88158494,22.48758333,198.3333333,0.159306432,-0.934453782,0.012658228,0.001534331
2020-08-04,2020,26.36,26.36,26.05,26.78,7,3306.51,0.054263566,51.6,3246,26.144,21,0.024326805,26.151,16.9,0.024052617,27.151,61.9,-0.013664322,24.48083333,109.45,0.09391701,-0.936043856,22.50241667,197.6666667,0.190094397,-0.964586847,-0.015683346,-0.027259149
2020-08-05,2020,26.6,26.63,26.55,26.73,7,3327.77,0.014814815,51.3,3261,26.262,8,0.017820425,26.167,16,0.021515649,27.023,55.9,-0.010842616,24.6165,108.5833333,0.085857047,-0.935533384,22.51608333,196.7166667,0.187151407,-0.964415826,-0.003741115,-0.006734007
2020-08-06,2020,26.75,27.3,26.75,26.35,12,3349.16,0,50.2,3237,26.432,8.8,-0.0031023,26.075,16.7,0.0105465,26.9115,52.65,-0.020864686,24.743,108.7833333,0.064947662,-0.889688984,22.52183333,196.15,0.169975801,-0.93882233,0.036053131,0.015180266
2020-08-07,2020,26.34,26.34,25.98,26.38,21,3351.28,0.019230769,50.8,3242,26.462,12,-0.003098783,26.082,17.6,0.011425504,26.7815,32.7,-0.014991692,24.8645,109.1333333,0.060950351,-0.807574832,22.52841667,195.7583333,0.170965558,-0.892724873,-0.0015163,-0.015163002
2020-08-10,2020,27.05,27.05,26.9,26.68,5,3360.47,0,50.55,3253,26.584,10.4,0.003611195,26.255,16.1,0.016187393,26.65,30.45,0.001125704,24.97116667,109.1833333,0.068432259,-0.954205465,22.53775,194.0416667,0.183791638,-0.974232338,0.013868066,0.008245877
2020-08-11,2020,26.93,26.93,26.63,26.16,6,3333.69,-0.037234043,50.3,3326,26.46,10.2,-0.011337868,26.302,15.6,-0.005398829,26.478,29.5,-0.012009971,25.0755,109.1833333,0.043249387,-0.945046558,22.55133333,192.8083333,0.160020102,-0.968881013,0.029434251,0.017966361
2020-08-12,2020,26.04,26.04,25.63,25.94,16,3380.35,-0.173913043,49.7,3362,26.302,12,-0.013763212,26.282,10,-0.013012708,26.3345,29.9,-0.014980349,25.15466667,109.4166667,0.031220184,-0.853769992,22.56633333,191.8916667,0.149499993,-0.91661962,0.00385505,-0.011950655
2020-08-13,2020,25.99,25.99,25.73,25.4,7,3373.43,-0.027586207,49.5,3344,26.112,11,-0.027267157,26.272,9.9,-0.03319123,26.2775,21.75,-0.033393588,25.226,109.5333333,0.006897645,-0.936092514,22.57616667,188.7416667,0.125080284,-0.96291227,0.023228346,0.012992126
2020-08-14,2020,25.36,25.36,25.27,25.44,8,3372.85,0.012048193,49.25,3304,25.924,8.4,-0.018669958,26.193,10.2,-0.028748139,26.162,19,-0.027597278,25.2945,109.6666667,0.005752239,-0.927051672,22.59183333,188.4666667,0.12607063,-0.957552175,-0.003144654,-0.00668239
2020-08-17,2020,25.62,25.62,25.07,26.26,6,3381.99,0.01754386,49.4,3306,25.84,8.6,0.01625387,26.212,9.5,0.001831222,26.17,13.05,0.003439052,25.37316667,109.4333333,0.034951622,-0.945172099,22.61425,183.2416667,0.161214721,-0.967256355,-0.024371668,-0.04531607
2020-08-18,2020,26.51,26.51,26.51,26.51,0,3389.78,0.03125,49.35,3277,25.91,7.4,0.023157082,26.185,8.8,0.012411686,26.168,12.85,0.013069398,25.45616667,107.1333333,0.041397959,-1,22.63941667,182.2916667,0.170966566,-1,0,0
2020-08-19,2020,26.64,26.73,26.33,26.2,53,3374.85,0.013513514,49.15,3312,25.962,14.8,0.009167244,26.132,13.4,0.002602174,26.1495,14.7,0.001931203,25.5385,106.9166667,0.025902069,-0.504286828,22.66333333,181.8,0.156052361,-0.708470847,0.020229008,0.004961832
2020-08-20,2020,25.89,25.89,25.82,25.88,166,3385.51,-0.022058824,48.9,3271,26.058,46.6,-0.006830916,26.085,28.8,-0.007858923,26.08,22.75,-0.007668712,25.61666667,109.4333333,0.010279766,0.51690527,22.68066667,177.075,0.141059934,-0.06254412,0.000386399,-0.002318393
2020-08-21,2020,25.6,25.6,25.6,25.63,175,3397.16,-0.048387097,48.65,3250,26.096,80,-0.017857143,26.01,44.2,-0.014609765,26.046,30.9,-0.015971742,25.68833333,111.5333333,-0.00227081,0.569037657,22.69616667,177.975,0.129265588,-0.016715831,-0.001170503,-0.001170503
2020-08-24,2020,26.93,26.97,26.93,27.46,5,3431.28,0.029411765,48.8,3328,26.336,79.8,0.042679222,26.088,44.2,0.05259123,26.1715,30.15,0.049232944,25.79766667,111.6166667,0.064437352,-0.955203823,22.73008333,174.475,0.208090599,-0.971342599,-0.017844137,-0.019300801
2020-08-25,2020,27.58,28.74,27.58,28.59,58,3443.62,0.127659574,48.9,3329,26.752,91.4,0.068705144,26.331,49.4,0.085792412,26.3165,32.5,0.086390667,25.9075,110.9166667,0.103541446,-0.477084899,22.77458333,173.8083333,0.255346786,-0.666299084,0.00524659,-0.035327037
2020-08-26,2020,28.48,28.55,28.4,28.6,4,3478.73,0.009803922,48.95,3352,27.232,81.6,0.050235018,26.597,48.2,0.075309245,26.4395,29.1,0.081714858,26.01733333,110.5,0.099267155,-0.963800905,22.81233333,173.1,0.25370779,-0.97689197,-0.001748252,-0.006993007
2020-08-27,2020,28.5,28.5,28.5,28.35,101,3484.55,0.076923077,48.9,3324,27.726,68.6,0.022505951,26.892,57.6,0.054216867,26.582,33.75,0.066511173,26.12083333,111.3666667,0.085340565,-0.093085902,22.8495,170.1916667,0.240727368,-0.406551437,0.005291005,0.005291005
2020-08-28,2020,29.5,29.5,29.5,29.5,67,3508.01,0.013157895,49,3313,28.5,47,0.035087719,27.298,63.5,0.08066525,26.7455,36.85,0.102989288,26.22633333,111.9166667,0.124823651,-0.401340283,22.90791667,168.1166667,0.287764419,-0.601467235,0,0
2020-08-31,2020,29.79,29.79,29.7,28.64,5,3500.31,0,52.9,3265,28.736,47,-0.003340757,27.536,63.4,0.040092969,26.874,36.45,0.065714073,26.32616667,111.9333333,0.087891008,-0.955330554,22.96416667,164.1583333,0.247160431,-0.969541601,0.040153631,0.037011173
2020-09-01,2020,28.53,28.65,28.53,27.72,12,3526.65,-0.01910828,52.7,3271,28.562,37.8,-0.029479728,27.657,64.6,0.002277904,26.921,36.7,0.029679432,26.4145,111.1666667,0.049423612,-0.892053973,23.03341667,152.4416667,0.203468873,-0.921281364,0.033549784,0.029220779
2020-09-02,2020,27.79,27.83,27.75,28.21,51,3580.84,0.013333333,51.5,3328,28.484,47.2,-0.009619435,27.858,64.4,0.012635509,26.995,38.9,0.045008335,26.50383333,111.0833333,0.064374336,-0.540885221,23.11641667,142.2833333,0.220344849,-0.641560267,-0.013470401,-0.016306274
2020-09-03,2020,28.2,28.63,28.09,28.72,43,3455.06,0.0625,51.5,3293,28.558,35.6,0.005672666,28.142,52.1,0.020538697,27.1135,40.45,0.059250927,26.61233333,111.4833333,0.079198868,-0.614292121,23.22875,124.525,0.236398859,-0.654687814,-0.003133705,-0.021935933
2020-09-04,2020,28.35,28.75,28.34,27.34,25,3426.96,0.016393443,51.4,3247,28.126,27.2,-0.027945673,28.313,37.1,-0.034365839,27.1615,40.65,0.006571802,26.7025,111.8166667,0.023874169,-0.776419735,23.32066667,89.49166667,0.172350705,-0.72064438,0.051572787,0.036576445
2020-09-07,2020,27.45,27.45,26.84,27.04,29,2750.706582,-0.068965517,51,3309,27.806,32,-0.027548011,28.271,39.5,-0.043542853,27.1795,41.85,-0.005132545,26.78483333,111.9333333,0.009526536,-0.740917213,23.41233333,80.01666667,0.154946823,-0.637575505,0.015162722,-0.00739645
2020-09-08,2020,27.79,27.85,26.91,26.78,25,3331.84,0,51.2,3268,27.618,34.6,-0.03034253,28.09,36.2,-0.046635813,27.2105,42.8,-0.015821098,26.8525,105.3666667,-0.002699935,-0.762733312,23.50675,75.54166667,0.139247237,-0.669056812,0.03995519,0.004854369
2020-09-09,2020,26.89,26.89,26.25,27.19,41,3398.96,0.024,51.2,3329,27.414,32.6,-0.008171008,27.949,39.9,-0.027156607,27.273,44.05,-0.003043303,26.9275,98.51666667,0.009748398,-0.583826764,23.59416667,74.54166667,0.15240349,-0.449972051,-0.011033468,-0.034571534
2020-09-10,2020,27.34,27.89,27.31,28.4,46,3339.19,0.113636364,51.7,3315,27.35,33.2,0.038391225,27.954,34.4,0.015954783,27.423,46,0.035627028,26.99416667,96.63333333,0.052079153,-0.523973784,23.68575,71.95833333,0.199033174,-0.36074117,-0.017957746,-0.038380282
2020-09-11,2020,28.38,28.39,28.27,28.24,46,3340.97,0.028846154,51.7,3321,27.53,37.4,0.025790047,27.828,32.3,0.014805232,27.563,47.9,0.024561913,27.06333333,94.21666667,0.043478261,-0.511763665,23.77758333,66.79166667,0.187673264,-0.311291329,0.005311615,0.001062323
2020-09-14,2020,30.28,30.28,30.28,30.44,50,3383.54,0.042372881,51.7,3319,28.21,41.6,0.079049982,28.008,36.8,0.086832334,27.772,50.1,0.096067982,27.163,58.2,0.12064205,-0.140893471,23.89575,64.45833333,0.273866692,-0.224305107,-0.005256242,-0.005256242
2020-09-15,2020,30.73,30.76,30.49,29.76,16,3401.2,0.003787879,51.8,3335,28.806,39.8,0.0331181,28.212,37.2,0.054870268,27.9345,50.9,0.065349299,27.2365,49.5,0.092651405,-0.676767677,24.00258333,64.59166667,0.239866542,-0.752290027,0.033602151,0.02452957
2020-09-16,2020,29.67,29.67,29.67,29.96,10,3385.49,0.005102041,51.9,3334,29.36,33.6,0.020435967,28.387,33.1,0.055412689,28.1225,48.75,0.065339141,27.31366667,48.66666667,0.096886784,-0.794520548,24.10591667,64.675,0.242848402,-0.84538075,-0.009679573,-0.009679573
2020-09-17,2020,28.81,28.92,28.6,28.41,31,3357.01,0.024590164,51.9,3321,29.362,30.6,-0.032422859,28.356,31.9,0.001904359,28.249,42,0.005699317,27.36866667,49.13333333,0.038048376,-0.369063772,24.20133333,64.93333333,0.173902264,-0.522587269,0.017951426,0.006687786
2020-09-18,2020,28.35,28.35,28.35,27.97,21,3319.47,-0.0375,52,3318,29.308,25.6,-0.045653064,28.419,31.5,-0.015799289,28.366,34.3,-0.013960375,27.42383333,49.48333333,0.019915767,-0.575614685,24.28483333,65.04166667,0.151747661,-0.677130045,0.013585985,0.013585985
2020-09-21,2020,27.55,27.55,26.31,26.38,142,3281.06,0,52.1,3141,28.496,44,-0.074256036,28.353,42.8,-0.069586993,28.312,41.15,-0.068239616,27.42,51.66666667,-0.037928519,1.748387097,24.35583333,66.225,0.083108085,1.144205361,0.044351782,-0.002653525
2020-09-22,2020,26.5,26.83,25.7,27.83,143,3315.57,0.053571429,52.1,3163,28.11,69.4,-0.009960868,28.458,54.6,-0.022067608,28.274,45.4,-0.015703473,27.43466667,52.96666667,0.014409992,1.699811202,24.41858333,67.41666667,0.139705757,1.121137206,-0.035932447,-0.076536112
2020-09-23,2020,26.48,26.48,26.48,26.48,0,3236.92,-0.03626943,52.15,3170,27.414,67.4,-0.034070183,28.387,50.5,-0.067178638,28.168,45.2,-0.059926157,27.4145,50.35,-0.0340878,-1,24.46916667,67.38333333,0.082178252,-1,0,0
2020-09-24,2020,26.38,26.38,26.38,26.77,3,3246.59,0.016,52.25,3147,27.086,61.8,-0.011666544,28.224,46.2,-0.05151644,28.089,40.3,-0.046957884,27.40483333,49.11666667,-0.023165013,-0.938920937,24.51691667,67.40833333,0.091899131,-0.955495117,-0.014568547,-0.014568547
2020-09-25,2020,26.15,26.15,26.15,26.15,10,3298.46,-0.019607843,52.35,3119,26.722,59.6,-0.021405583,28.015,42.6,-0.06657148,27.9215,37.45,-0.063445732,27.37583333,48.16666667,-0.044777937,-0.792387543,24.56,67.49166667,0.064739414,-0.85183356,0,0
2020-09-28,2020,26.18,27.8,25.94,27.71,22022,3351.6,0.012658228,57.2,3218,26.988,4435.6,0.026752631,27.742,2239.8,-0.001153486,27.875,1138.3,-0.005919283,27.343,412.8,0.013422082,52.34786822,24.61608333,251.0083333,0.125686797,86.73413897,0.003247925,-0.063875857
2020-09-29,2020,27.52,27.7,26.67,26.79,18539,3335.47,0,57.05,3203,26.78,8114.8,0.000373413,27.445,4092.1,-0.023865914,27.8285,2064.65,-0.037317858,27.30016667,721.0833333,-0.01868731,24.70992719,24.67491667,405.325,0.085717952,44.73860482,0.033967898,-0.004479283
2020-09-30,2020,26.69,27.24,26.43,26.93,21112,3363,0.01,57.2,3194,26.87,12337.2,0.002232974,27.142,6202.3,-0.007810773,27.7645,3117.7,-0.030056367,27.26083333,1070.833333,-0.012135848,18.71548638,24.73958333,581.2583333,0.088538947,35.3211997,0.011511326,-0.018566654
2020-10-01,2020,27.35,27.35,26.25,26.51,17873,3380.8,-0.011173184,57.35,3178,26.818,15911.2,-0.011484824,26.952,7986.5,-0.016399525,27.654,4009.2,-0.041368337,27.22633333,1367.433333,-0.026310312,12.07047266,24.78675,730.2,0.069523031,23.47685566,0.031686156,-0.00980762
2020-10-02,2020,26.25,27.44,25.92,27.03,23709,3348.44,0.006535948,56.4,3178,26.994,20651,0.00133363,26.858,10355.3,0.006404051,27.6385,5193.4,-0.02201639,27.19383333,1755.583333,-0.00602465,12.5049129,24.83191667,927.775,0.088518473,24.55468729,0.015168331,-0.041065483
2020-10-05,2020,27.17,27.61,26.55,26.94,16884,3408.63,-0.058064516,57.7,3214,26.84,19623.4,0.003725782,26.914,12029.5,0.00096604,27.6335,6036.15,-0.02509635,27.15433333,2036.15,-0.007893154,7.292119932,24.879,1068.475,0.08284095,14.80196074,0.024870082,-0.014476615
2020-10-06,2020,26.95,27.11,26.42,26.79,16017,3360.95,-0.014084507,57.7,3227,26.84,19119,-0.001862891,26.81,13616.9,-0.00074599,27.634,6835.75,-0.030542086,27.1075,2302.683333,-0.011712626,5.955797946,24.9375,1201.95,0.074285714,12.3258455,0.011944756,-0.013811124
2020-10-07,2020,26.7,27.89,26.51,26.9,23007,3419.45,0.035087719,57.65,3223,26.834,19498,0.002459566,26.852,15917.6,0.001787576,27.6195,7984.05,-0.026050435,27.07566667,2686,-0.00648799,7.565524944,24.99025,1393.625,0.076419804,15.50874518,0.036802974,-0.014498141
2020-10-08,2020,27,27.01,26.2,26.34,26367,3446.83,-0.016806723,57.7,3252,26.8,21196.8,-0.017164179,26.809,18554,-0.017494125,27.5165,9300.1,-0.042756164,27.07233333,3122.616667,-0.027050987,7.443879866,25.03525,1613.35,0.052116516,15.34301299,0.025436598,-0.00531511
2020-10-09,2020,26.25,26.58,25.51,25.71,24159,3477.13,-0.033707865,57.6,3263,26.536,21286.8,-0.031127525,26.765,20968.9,-0.039417149,27.39,10505.75,-0.061336254,27.03833333,3524.216667,-0.049127782,5.855140386,25.07733333,1814.675,0.025228626,12.3131277,0.033838973,-0.007779074
2020-10-12,2020,25.5,25.93,25.2,25.87,18293,3534.22,0,56.85,3294,26.322,21568.6,-0.017171947,26.581,20596,-0.026748429,27.1615,11417.9,-0.04754892,27.0345,3827.016667,-0.04307459,3.779963505,25.1245,1967.116667,0.029672232,8.299397595,0.002319289,-0.025898724
2020-10-13,2020,25.79,25.85,25.1,25.22,20819,3511.93,-0.016528926,56.5,3267,26.008,22529,-0.03029837,26.424,20824,-0.045564638,26.9345,12458.05,-0.063654421,27.01233333,4173.933333,-0.066352407,3.98786117,25.16683333,2140.608333,0.002112569,8.725739957,0.024980174,-0.004758128
2020-10-14,2020,25.19,25.85,25.08,25.75,18531,3488.67,0.020661157,56.6,3267,25.778,21633.8,-0.001086198,26.306,20565.9,-0.021135863,26.724,13384.1,-0.03644664,26.99866667,4482.516667,-0.046249197,3.134061595,25.21375,2295.033333,0.021268157,7.074392529,0.003883495,-0.026019417
2020-10-15,2020,25.78,25.78,24.61,24.96,30406,3483.34,-0.003787879,56.8,3181,25.502,22441.6,-0.021253235,26.151,21819.2,-0.045543191,26.5515,14902.85,-0.059940116,26.96016667,4989.2,-0.0741897,5.094363826,25.25925,2548.416667,-0.011847145,10.93132991,0.032852564,-0.014022436
2020-10-16,2020,25.01,25.57,24.76,24.89,18651,3483.81,-0.0078125,57,3241,25.338,21340,-0.017680954,25.937,21313.4,-0.040367043,26.3975,15834.35,-0.057107681,26.9365,5299.85,-0.075974978,2.519156203,25.30916667,2703.841667,-0.016561852,5.897963083,0.027320209,-0.005222981
2020-10-19,2020,24.81,25.2,24.57,24.98,20104,3426.92,0,57.1,3236,25.16,21702.2,-0.007154213,25.741,21635.4,-0.029563731,26.3275,16832.45,-0.051182224,26.937,5634.583333,-0.072651,2.567965688,25.35666667,2871.375,-0.014854739,6.00152366,0.008807046,-0.016413131
2020-10-20,2020,24.75,24.86,24.2,24.41,26125,3443.12,-0.019417476,57.1,3226,24.998,22763.4,-0.023521882,25.503,22646.2,-0.042857703,26.1565,18131.55,-0.066771166,26.91566667,6069.816667,-0.093093242,3.304083869,25.40158333,3089.083333,-0.039036281,7.457201435,0.018435068,-0.008603032
2020-10-21,2020,24.32,24.44,23.35,23.56,32525,3435.56,0,56.5,3171,24.56,25562.2,-0.040716612,25.169,23598,-0.063927848,26.0105,19757.8,-0.094211953,26.87266667,6610.7,-0.123272718,3.920053852,25.44016667,3360.025,-0.073905438,8.6799875,0.037351443,-0.008913413
2020-10-22,2020,23.47,24.26,23.09,24.18,23940,3453.49,0.022857143,56.75,3162,24.404,24269,-0.009178823,24.953,23355.3,-0.030978239,25.881,20954.65,-0.06572389,26.85066667,7009.566667,-0.0994637,2.415332379,25.47941667,3559.525,-0.050998682,5.72561648,0.003308519,-0.045078577
2020-10-23,2020,24.02,25.72,24,25.49,25399,3465.39,0.026785714,56.7,3184,24.524,25618.6,0.039389985,24.931,23479.3,0.022421884,25.848,22224.1,-0.013850201,26.83833333,7432.8,-0.050239086,2.417151006,25.53116667,3771.183333,-0.001612408,5.73502128,0.009023146,-0.058454296
2020-10-26,2020,25.23,25.23,23.72,23.85,21304,3400.97,-0.050847458,56.7,3097,24.298,25858.6,-0.018437732,24.729,23780.4,-0.035545311,25.655,22188.2,-0.070356656,26.80133333,7787.65,-0.1101189,1.735613439,25.57166667,3948.716667,-0.06732712,4.395170583,0.057861635,-0.005450734
2020-10-27,2020,23.91,24.3,23.41,24.07,23148,3390.68,-0.036697248,56.55,3068,24.23,25263.2,-0.006603384,24.614,24013.3,-0.022101243,25.519,22418.65,-0.056781222,26.75616667,8173.333333,-0.100394302,1.832137031,25.6185,4141.391667,-0.060444601,4.589425455,0.009555463,-0.027420025
2020-10-28,2020,23.8,23.8,22.88,23.03,31282,3271.03,-0.058823529,56.5,2946,24.124,25014.6,-0.04534903,24.342,25288.4,-0.053898611,25.324,22927.15,-0.090586005,26.6945,8694.583333,-0.137275469,2.597872238,25.6555,4401.583333,-0.102336731,6.106988016,0.03343465,-0.006513244
2020-10-29,2020,22.9,24.08,22.9,23.67,24960,3310.11,0.015873016,56.1,2949,24.022,25218.6,-0.014653235,24.213,24743.8,-0.02242597,25.182,23281.5,-0.060042888,26.64983333,9110.383333,-0.111814333,1.739731039,25.69641667,4609.583333,-0.078859893,4.41480611,0.017321504,-0.032530629
2020-10-30,2020,23.3,24.23,23.17,23.71,20351,3269.96,-0.010416667,56.05,2959,23.666,24209,0.001859207,24.095,24913.8,-0.015978419,25.016,23113.6,-0.052206588,26.60533333,9449.216667,-0.108825298,1.153723501,25.73491667,4779.175,-0.07868363,3.258266333,0.021931674,-0.0227752
2020-11-02,2020,23.39,23.79,22.79,23.67,22029,3310.24,0.088235294,50.9,3013,23.63,24354,0.001692763,23.964,25106.3,-0.012268403,24.8525,23370.85,-0.047580726,26.55516667,9816.283333,-0.108648035,1.244128379,25.76316667,4962.733333,-0.081246482,3.438884486,0.005069708,-0.037177862
2020-11-03,2020,23.61,24.67,23.6,24.39,23458,3369.16,-0.005988024,51.05,3095,23.694,24416,0.029374525,23.962,24839.6,0.017861614,24.7325,23742.9,-0.013848175,26.52566667,10207.15,-0.080513214,1.298192933,25.80058333,5158.166667,-0.054672536,3.54773983,0.011480115,-0.032390324
2020-11-04,2020,24.3,25.26,23.83,25.11,22688,3443.44,0.039473684,50.85,3154,24.11,22697.2,0.041476566,24.117,23855.9,0.041174275,24.643,23726.95,0.018950615,26.51183333,10585.01667,-0.05287576,1.143407112,25.83325,5347.216667,-0.027996865,3.242955058,0.005973716,-0.050975707
2020-11-05,2020,25.18,26.18,24.84,25.98,25165,3510.45,0.015209125,51.4,3211,24.572,22738.2,0.057300993,24.297,23978.4,0.069267811,24.625,23666.85,0.055025381,26.5215,11004.31667,-0.020417397,1.286829865,25.87375,5556.925,0.004106479,3.528583704,0.007698229,-0.043879908
2020-11-06,2020,25.8,26.03,25.13,25.42,22868,3509.44,-0.014084507,50.8,3198,24.914,23241.6,0.020309866,24.29,23725.3,0.046521202,24.6105,23602.3,0.032892465,26.52116667,11385.31667,-0.041520295,1.008551951,25.90783333,5747.491667,-0.018829569,2.978779149,0.023996853,-0.01140834
2020-11-09,2020,25.7,27.13,25.32,26.55,32372,3550.5,0.014018692,51.05,3406,25.49,25310.2,0.041584935,24.56,24832.1,0.081026059,24.6445,24306.25,0.077319483,26.526,11924.75,0.000904773,1.714690035,25.94958333,6017.091667,0.023137815,4.380007783,0.021845574,-0.046327684
2020-11-10,2020,26.4,26.66,26.13,26.23,20828,3545.53,-0.015625,51.35,3451,25.858,24784.2,0.014386263,24.776,24600.1,0.058685825,24.695,24306.7,0.062158332,26.52133333,12271.88333,-0.010984868,0.697213006,25.98875,6189.508333,0.009282863,2.365049189,0.016393443,-0.003812429
2020-11-11,2020,26.04,27.12,26.04,26.13,25846,3572.66,0.011428571,51.4,3468,26.062,25415.8,0.002609163,25.086,24056.5,0.041616838,24.714,24672.45,0.05729546,26.52016667,12701.76667,-0.014712074,1.034835049,26.02933333,6404.341667,0.003867432,3.03569974,0.037887486,-0.003444317
2020-11-12,2020,26.05,26.2,25.6,25.92,21712,3537.01,-0.018939394,52.05,3432,26.05,24725.2,-0.004990403,25.311,23731.7,0.024060685,24.762,24237.75,0.046765205,26.52083333,13060.86667,-0.022655145,0.662370542,26.06875,6585.15,-0.005706066,2.29711548,0.010802469,-0.012345679
2020-11-13,2020,25.83,26.53,25.55,26.28,14656,3585.15,0.034482759,52.7,3438,26.222,23082.8,0.002211883,25.568,23162.2,0.027847309,24.8315,24038,0.058333166,26.53166667,13302.21667,-0.00948552,0.101771259,26.11,6706.875,0.006510915,1.18522039,0.009512938,-0.027777778
2020-11-16,2020,26.58,27.45,26.55,27.39,24948,3626.91,0.009345794,52.95,3470,26.39,21598,0.037893141,25.94,23454.1,0.055898227,24.952,24280.2,0.097707599,26.5305,13717.93333,0.032396676,0.818641292,26.16408333,6914.775,0.046854944,2.607926505,0.002190581,-0.030668127
2020-11-17,2020,27.38,27.48,26.55,26.64,22144,3609.53,-0.008849558,52.75,3467,26.472,21861.2,0.006346328,26.165,23322.7,0.018154023,25.0635,24081.15,0.062900233,26.498,14086.03333,0.005358895,0.572053642,26.20275,7098.475,0.01668718,2.119543282,0.031531532,-0.003378378
2020-11-18,2020,27.5,28.14,27.1,27.19,29801,3567.79,-0.004032258,52.85,3480,26.684,22652.2,0.018962674,26.373,24034,0.030978652,25.245,23944.95,0.077044959,26.4745,14582.65,0.027026006,1.0435929,26.24591667,7346.575,0.035970675,3.056448073,0.034939316,-0.00331004
2020-11-19,2020,27.06,27.15,26.31,26.35,22842,3581.87,-0.03030303,52.75,3449,26.77,22878.2,-0.015689204,26.41,23801.7,-0.002271867,25.3535,23890.05,0.039304238,26.44116667,14961.66667,-0.003447906,0.526701571,26.281,7536.516667,0.002625471,2.030843161,0.030360531,-0.001518027
2020-11-20,2020,26.27,27,26.2,26.74,20908,3557.54,0.023255814,53,3463,26.862,24128.6,-0.004541732,26.542,23605.7,0.007459875,25.416,23665.5,0.05209317,26.39516667,15309.01667,0.013064261,0.365731089,26.31075,7710.466667,0.016314624,1.711638725,0.009723261,-0.020194465
2020-11-23,2020,27.35,27.55,27.08,27.25,21605,3577.59,0.003875969,52.95,3470,26.834,23460,0.01550272,26.612,22529,0.023974147,25.586,23680.55,0.065035566,26.372,15669.01667,0.033292886,0.378835728,26.34908333,7890.475,0.034191575,1.738111457,0.011009174,-0.006238532
2020-11-24,2020,27.25,27.7,26.86,27.63,21301,3635.41,0.005464481,53.2,3505,27.032,23291.4,0.02212193,26.752,22576.3,0.032819976,25.764,23588.2,0.072426642,26.3705,16023.83333,0.047761703,0.329332349,26.3925,8067.5,0.046888321,1.640347072,0.002533478,-0.027868259
2020-11-25,2020,27.75,28.12,27.53,27.62,25561,3629.65,0.010471204,53.55,3512,27.118,22443.4,0.01851169,26.901,22547.8,0.026727631,25.9935,23302.15,0.062573336,26.36066667,16449,0.047773197,0.553954648,26.43225,8280.041667,0.044935637,2.08706176,0.018102824,-0.003258508
2020-11-26,2020,27.68,28.32,27.32,28.1,22503,2750.706582,0.044247788,53.55,3513,27.468,22375.6,0.023008592,27.119,22626.9,0.0361739,26.215,23179.3,0.071905398,26.35033333,16823.33333,0.066400172,0.337606499,26.48133333,8467.408333,0.061124817,1.657601844,0.007829181,-0.027758007
2020-11-27,2020,28.15,28.67,27.88,28.13,20472,3638.35,-0.004484305,53.6,3532,27.746,22288.4,0.013839833,27.304,23208.5,0.030251978,26.436,23185.35,0.064079286,26.3635,17164.11667,0.067005519,0.19272086,26.533,8637.966667,0.060189198,1.3700022,0.019196587,-0.008887309
2020-11-30,2020,28.35,29.4,28.04,29.14,30465,3621.63,0.010362694,61.15,3505,28.124,24060.4,0.036125729,27.479,23760.2,0.060446159,26.7095,23607.15,0.090997585,26.3985,17671.38333,0.103850598,0.723973694,26.59166667,8891.658333,0.095832028,2.426245011,0.008922443,-0.037748799
2020-12-01,2020,29.3,30,28.71,28.86,32594,3662.45,0.016129032,61.25,3528,28.37,26319,0.017271766,27.701,24805.2,0.041839645,26.933,24063.95,0.071547915,26.43316667,18214.2,0.091810163,0.789482931,26.64283333,9159.783333,0.083218126,2.558381112,0.03950104,-0.005197505
2020-12-02,2020,28.99,29.65,28.55,29.55,31875,3669.01,0.039735099,62,3517,28.756,27581.8,0.027611629,27.937,25012.6,0.057737051,27.155,24523.3,0.088197385,26.4725,18744.76667,0.116252715,0.700474621,26.7,9421.641667,0.106741573,2.383168361,0.003384095,-0.033840948
2020-12-03,2020,29.6,29.75,28.9,29,32304,3666.72,-0.017391304,61.85,3516,28.936,29542,0.002211778,28.202,25958.8,0.028295866,27.306,24880.25,0.062037647,26.4825,19282.4,0.095062777,0.675310127,26.73833333,9689.516667,0.084585177,2.333912424,0.025862069,-0.003448276
2020-12-04,2020,28.9,30.32,28.9,30.11,30583,3699.12,0.02,63.2,3533,29.332,31564.2,0.026523933,28.539,26926.3,0.055047479,27.5405,25266,0.09329896,26.51366667,19791.35,0.135640739,0.54527104,26.7885,9942.783333,0.123989772,2.07589927,0.006974427,-0.040185985
2020-12-07,2020,29.92,29.96,29.44,29.62,19498,3691.96,-0.04109589,62.95,3526,29.428,29370.8,0.006524399,28.776,26715.6,0.029329997,27.694,24622.3,0.06954575,26.5,20115.48333,0.117735849,-0.030696918,26.8315,10086.84167,0.103926355,0.93301339,0.011478731,-0.006076975
2020-12-08,2020,29.55,30,29.47,29.57,21505,3702.25,0,63.05,3526,29.57,27153,0,28.97,26736,0.02071108,27.861,24656.15,0.061340225,26.49683333,20473.63333,0.115982413,0.050375361,26.86666667,10261.56667,0.100620347,1.095683895,0.014541765,-0.003381806
2020-12-09,2020,29.53,30.16,29.53,29.7,31489,3672.82,0.012048193,63.3,3532,29.6,27075.8,0.003378378,29.178,27328.8,0.017890191,28.0395,24938.3,0.059220029,26.4925,20998.28333,0.121072002,0.499598777,26.90308333,10523.475,0.103962681,1.992262537,0.015488215,-0.005723906
2020-12-10,2020,29.69,31,29.62,30.9,24796,3668.1,0.0375,64,3523,29.98,25574.2,0.030687125,29.458,27558.1,0.048951049,28.2885,25092.5,0.092316666,26.534,21411.03333,0.164543604,0.158094503,26.95133333,10730.08333,0.146510995,1.31088606,0.003236246,-0.041423948
2020-12-11,2020,30.79,31.3,30.3,30.52,14466,3663.46,-0.013392857,65.1,3485,30.062,22350.8,0.015235181,29.697,26957.5,0.027713237,28.5005,25083,0.070858406,26.5765,21651.78333,0.14838297,-0.331879514,27.00016667,10850.63333,0.130363393,0.333194069,0.025557012,-0.007208388
2020-12-14,2020,30.45,31.37,30.43,30.86,1914,3647.49,0.011904762,65.4,3507,30.31,18834,0.018145826,29.869,24102.4,0.033178212,28.674,23931.3,0.076236312,26.65116667,21681.31667,0.157923043,-0.911721228,27.03558333,10866.49167,0.141458633,-0.823862194,0.016526248,-0.013933895
2020-12-15,2020,30.85,32.21,30.85,32.05,891,3694.62,0.014492754,65.8,3525,30.806,14711.2,0.040381744,30.188,20932.1,0.061680138,28.9445,22868.65,0.107291541,26.7215,21693.78333,0.199408716,-0.958928326,27.07808333,10873.375,0.183614054,-0.918056721,0.0049922,-0.037441498
2020-12-16,2020,32.09,32.33,31.42,31.66,1092,3701.17,0.059701493,65.6,3542,31.198,8631.8,0.014808642,30.399,17853.8,0.041481628,29.168,21433.2,0.085436094,26.80783333,21711.98333,0.180998091,-0.949705194,27.11116667,10881.16667,0.167784492,-0.899643114,0.02116235,-0.007580543
2020-12-17,2020,31.74,32.12,31.51,31.83,602,3722.48,0,65.65,3563,31.384,3793,0.014211063,30.682,14683.6,0.037416075,29.442,20321.2,0.08110862,26.89216667,21721.96667,0.183616047,-0.972286119,27.1485,10885.54167,0.172440466,-0.944697286,0.009110902,-0.010053409
2020-12-18,2020,31.71,31.71,30.69,30.96,485,3709.41,-0.032258065,66,3573,31.472,996.8,-0.016268429,30.767,11673.8,0.006272955,29.653,19300.05,0.044076485,26.97233333,21729.88333,0.147842851,-0.977680506,27.17408333,10889.025,0.13932086,-0.95545974,0.024224806,-0.00872093
2020-12-21,2020,30.44,30.8,29.61,30.77,488,3694.92,-0.068493151,66.1,3431,31.454,711.6,-0.021746042,30.882,9772.8,-0.003626708,29.829,18244.2,0.031546482,27.02333333,21370.98333,0.138645615,-0.9771653,27.18316667,10891.89167,0.131950533,-0.955196029,0.000974976,-0.037699058
2020-12-22,2020,30.54,31.19,30.37,31.03,443,3687.26,0.055555556,66.1,3481,31.25,622,-0.00704,31.028,7666.6,6.45E-05,29.999,17201.3,0.034367812,27.094,21069.38333,0.145272016,-0.97897423,27.19708333,10895.23333,0.140931166,-0.959340017,0.0051563,-0.021269739
2020-12-23,2020,31.15,31.85,31.15,31.79,209,3690.01,0.007194245,66.05,3527,31.276,445.4,0.016434327,31.237,4538.6,0.017703365,30.2075,15933.7,0.052387652,27.175,20721,0.169825207,-0.989913614,27.21791667,10895.91667,0.16798065,-0.980818502,0.001887386,-0.020132117
2020-12-24,2020,31.92,32.21,31.85,32.06,172,3703.06,0,66.1,3521,31.322,359.4,0.023561714,31.353,2076.2,0.022549676,30.4055,14817.15,0.054414497,27.2675,20425.98333,0.175758687,-0.991579353,27.24691667,10896.70833,0.176646899,-0.984215417,0.004678727,-0.006550218
2020-12-28,2020,32.41,33.3,32.41,33.29,644,3735.36,0.054054054,71.65,3563,31.788,391.2,0.047250535,31.63,694,0.052481821,30.6635,13825.75,0.085655584,27.37183333,20041.56667,0.216213748,-0.967866784,27.28283333,10898.575,0.220181188,-0.940909706,0.000300391,-0.026434365
2020-12-29,2020,33.25,33.25,32.55,32.89,963,3727.04,0,70,3567,32.212,486.2,0.021048057,31.833,598.9,0.033204536,30.851,12350.65,0.066091861,27.471,19776.21667,0.197262568,-0.951305145,27.31266667,10906.18333,0.204203178,-0.911701466,0.010945576,-0.010337489
2020-12-30,2020,32.95,33.28,32,32.08,229,3732.04,0,69.4,3550,32.422,443.4,-0.010548393,31.836,532.7,0.007664279,31.012,10732.4,0.034438282,27.55916667,19513.08333,0.164041003,-0.988264284,27.33333333,10907.88333,0.173658537,-0.979006009,0.037406484,-0.002493766
2020-12-31,2020,32.04,32.82,32.04,32.59,104,3756.07,0,69,3541,32.582,422.4,0.000245534,31.929,433.9,0.020702183,31.164,9143.85,0.045757926,27.654,19131.36667,0.178491357,-0.994563901,27.36483333,10908.68333,0.190944582,-0.99046631,0.00705738,-0.016876342
